product_id,category,base_price
PROD0001,Beauty,3261.67
PROD0002,Electronics,2423.93
PROD0003,Sports,2941.79
PROD0004,Electronics,3697.27
PROD0005,Beauty,2810.82
PROD0006,Sports,2953.35
PROD0007,Clothing,2844.07
PROD0008,Home & Kitchen,1924.92
PROD0009,Electronics,1720.36
PROD0010,Grocery,4503.25
PROD0011,Grocery,3057.4
PROD0012,Beauty,1259.55
PROD0013,Clothing,2516.33
PROD0014,Electronics,1685.22
PROD0015,Clothing,4671.77
PROD0016,Electronics,87.3
PROD0017,Beauty,1165.4
PROD0018,Beauty,1858.52
PROD0019,Grocery,2464.66
PROD0020,Clothing,4261.55
PROD0021,Sports,485.04
PROD0022,Grocery,4039.03
PROD0023,Clothing,325.48
PROD0024,Grocery,4219.45
PROD0025,Sports,305.6
PROD0026,Home & Kitchen,140.3
PROD0027,Home & Kitchen,3499.96
PROD0028,Home & Kitchen,4986.41
PROD0029,Home & Kitchen,4488.22
PROD0030,Electronics,2901.19
PROD0031,Home & Kitchen,4591.11
PROD0032,Sports,76.24
PROD0033,Beauty,4876.58
PROD0034,Beauty,2479.21
PROD0035,Electronics,3628.34
PROD0036,Home & Kitchen,4113.26
PROD0037,Home & Kitchen,3606.36
PROD0038,Home & Kitchen,2698.43
PROD0039,Grocery,2409.27
PROD0040,Clothing,4200.98
PROD0041,Grocery,1065.13
PROD0042,Clothing,4841.57
PROD0043,Home & Kitchen,3569.21
PROD0044,Home & Kitchen,1037.56
PROD0045,Grocery,3694.42
PROD0046,Grocery,2672.71
PROD0047,Clothing,3550.79
PROD0048,Beauty,3850.51
PROD0049,Clothing,482.09
PROD0050,Grocery,2555.21
PROD0051,Sports,4663.47
PROD0052,Grocery,1637.18
PROD0053,Sports,2989.72
PROD0054,Electronics,1877.69
PROD0055,Grocery,2298.63
PROD0056,Electronics,2765.59
PROD0057,Beauty,2767.16
PROD0058,Clothing,1048.57
PROD0059,Sports,3438.63
PROD0060,Clothing,484.95
PROD0061,Electronics,737.18
PROD0062,Sports,63.42
PROD0063,Clothing,627.65
PROD0064,Grocery,2392.17
PROD0065,Home & Kitchen,3050.2
PROD0066,Electronics,3981.73
PROD0067,Clothing,578.16
PROD0068,Electronics,4261.1
PROD0069,Electronics,3742.57
PROD0070,Sports,2072.17
PROD0071,Sports,4668.04
PROD0072,Home & Kitchen,4955.1
PROD0073,Grocery,1064.76
PROD0074,Electronics,1927.18
PROD0075,Clothing,4635.92
PROD0076,Beauty,3621.9
PROD0077,Electronics,288.07
PROD0078,Electronics,3918.5
PROD0079,Home & Kitchen,4148.31
PROD0080,Grocery,3764.98
PROD0081,Beauty,4007.71
PROD0082,Sports,4134.41
PROD0083,Sports,972.7
PROD0084,Clothing,1216.67
PROD0085,Beauty,3187.1
PROD0086,Sports,4543.94
PROD0087,Clothing,1615.17
PROD0088,Grocery,2962.12
PROD0089,Clothing,3430.76
PROD0090,Sports,2287.15
PROD0091,Home & Kitchen,3583.22
PROD0092,Home & Kitchen,4503.35
PROD0093,Home & Kitchen,3139.3
PROD0094,Sports,2721.92
PROD0095,Home & Kitchen,2221.79
PROD0096,Beauty,2908.56
PROD0097,Grocery,1809.04
PROD0098,Clothing,1987.84
PROD0099,Clothing,2682.69
PROD0100,Sports,379.76
PROD0101,Home & Kitchen,1183.68
PROD0102,Home & Kitchen,2737.1
PROD0103,Electronics,2186.06
PROD0104,Grocery,1697.44
PROD0105,Beauty,3666.22
PROD0106,Clothing,3483.9
PROD0107,Electronics,875.32
PROD0108,Electronics,4399.21
PROD0109,Sports,2502.35
PROD0110,Clothing,3720.23
PROD0111,Sports,2887.1
PROD0112,Beauty,4988.58
PROD0113,Electronics,3774.4
PROD0114,Electronics,3549.55
PROD0115,Grocery,3903.93
PROD0116,Beauty,758.48
PROD0117,Electronics,1062.5
PROD0118,Beauty,3584.62
PROD0119,Clothing,2495.21
PROD0120,Home & Kitchen,3785.44
